{"cameraMode":{"drawMode":0,"name":"Shaded","section":"Shading Mode"},"sceneLighting":true,"audioPlay":false,"sceneViewState":{"m_AlwaysRefresh":false,"showFog":true,"showSkybox":true,"showFlares":true,"showImageEffects":true,"showParticleSystems":true,"showVisualEffectGraphs":true,"m_FxEnabled":true},"in2DMode":false,"pivot":{"x":19.954788208007814,"y":3.7556369304656984,"z":-0.056624412536621097},"rotation":{"x":-0.03618123009800911,"y":-0.008499352261424065,"z":-0.0003076809807680547,"w":0.9993094801902771},"size":2.9025378227233888,"orthographic":false}